Eggersdorfer Weg;15370;Petershagen/Eggersdorf
Bahnhofstraße;15370;Petershagen/Eggersdorf
Landhausstraße;15370;Petershagen/Eggersdorf
Wilhelmstraße;15370;Petershagen/Eggersdorf
Lindenstraße;15370;Petershagen/Eggersdorf
Eggersdorfer Straße;15370;Petershagen/Eggersdorf
Hermannstraße;15370;Petershagen/Eggersdorf
Tasdorfer Straße;15370;Petershagen/Eggersdorf
Bruchmühler Straße;15370;Petershagen/Eggersdorf
Garzauer Straße;15370;Petershagen/Eggersdorf
Karl-Liebknecht-Straße;15370;Petershagen/Eggersdorf
Lessingstraße;15370;Petershagen/Eggersdorf
Mittelstraße;15370;Petershagen/Eggersdorf
Bahnhofstraße;15370;Petershagen/Eggersdorf
Ernst-Thälmann-Straße;15370;Petershagen/Eggersdorf
Wilhelmstraße;15370;Petershagen/Eggersdorf
Gartenstraße;15370;Petershagen/Eggersdorf
Feldstraße;15370;Petershagen/Eggersdorf
Karl-Liebknecht-Straße;15370;Petershagen/Eggersdorf
Kastanienallee;15370;Petershagen/Eggersdorf
Haselaustraße;15370;Petershagen/Eggersdorf
Mühlenstraße;15370;Petershagen/Eggersdorf
Mühlenstraße;15370;Petershagen/Eggersdorf
Rotdornstraße;15370;Petershagen/Eggersdorf
Rosa-Luxemburg-Straße;15370;Petershagen/Eggersdorf
Strausberger Straße;15370;Petershagen/Eggersdorf
Platanenallee;15370;Petershagen/Eggersdorf
Platanenallee;15370;Petershagen/Eggersdorf
Rosenstraße;15370;Petershagen/Eggersdorf
Fließstraße;15370;Petershagen/Eggersdorf
Erlensteg;15370;Petershagen/Eggersdorf
Heidestraße;15370;Petershagen/Eggersdorf
Bötzseestraße;15370;Petershagen/Eggersdorf
Lindenallee;15370;Petershagen/Eggersdorf
Eichenallee;15370;Petershagen/Eggersdorf
Eschenallee;15370;Petershagen/Eggersdorf
Viktoriastraße;15370;Petershagen/Eggersdorf
Catholystraße;15370;Petershagen/Eggersdorf
Ferdinand-Dam-Straße;15370;Petershagen/Eggersdorf
Pappelstraße;15370;Petershagen/Eggersdorf
Birkenstraße;15370;Petershagen/Eggersdorf
Akazienstraße;15370;Petershagen/Eggersdorf
Grenzstraße;15370;Petershagen/Eggersdorf
Kiefernstraße;15370;Petershagen/Eggersdorf
Hermann-Löns-Straße;15370;Petershagen/Eggersdorf
Fichtenstraße;15370;Petershagen/Eggersdorf
Stiller Grund;15370;Petershagen/Eggersdorf
Wiener Straße;15370;Petershagen/Eggersdorf
Grazer Straße;15370;Petershagen/Eggersdorf
Linzer Straße;15370;Petershagen/Eggersdorf
Postbruchweg;15370;Petershagen/Eggersdorf
Hinter der Rennbahn;15370;Petershagen/Eggersdorf
Eggersdorfer Weg;15370;Petershagen/Eggersdorf
Strausberger Straße;15370;Petershagen/Eggersdorf
Am Kieferngrund;15370;Petershagen/Eggersdorf
Karl-Marx-Straße;15370;Petershagen/Eggersdorf
Am Markt;15370;Petershagen/Eggersdorf
Ahornallee;15370;Petershagen/Eggersdorf
Ulmenallee;15370;Petershagen/Eggersdorf
Rehwinkel;15370;Petershagen/Eggersdorf
Hasenweg;15370;Petershagen/Eggersdorf
Igelweg;15370;Petershagen/Eggersdorf
Triftweg;15370;Petershagen/Eggersdorf
Bahnhofstraße;15370;Petershagen/Eggersdorf
Waldstraße;15370;Petershagen/Eggersdorf
Petershagener Chaussee;15370;Petershagen/Eggersdorf
Georgstraße;15370;Petershagen/Eggersdorf
Pohrtstraße;15370;Petershagen/Eggersdorf
Ludwigstraße;15370;Petershagen/Eggersdorf
Güntherallee;15370;Petershagen/Eggersdorf
Seemannstraße;15370;Petershagen/Eggersdorf
Luisenweg;15370;Petershagen/Eggersdorf
Johannesstraße;15370;Petershagen/Eggersdorf
Tasdorfer Straße;15370;Petershagen/Eggersdorf
Mozartstraße;15370;Petershagen/Eggersdorf
Bermannstraße;15370;Petershagen/Eggersdorf
Schenkendorfstraße;15370;Petershagen/Eggersdorf
Bellevuestraße;15370;Petershagen/Eggersdorf
Wagnerstraße;15370;Petershagen/Eggersdorf
Schillerstraße;15370;Petershagen/Eggersdorf
Adolfstraße;15370;Petershagen/Eggersdorf
Verdiweg;15370;Petershagen/Eggersdorf
Händelweg;15370;Petershagen/Eggersdorf
Vivaldiweg;15370;Petershagen/Eggersdorf
Lessingstraße;15370;Petershagen/Eggersdorf
Karlstraße;15370;Petershagen/Eggersdorf
Gutenbergstraße;15370;Petershagen/Eggersdorf
Poststraße;15370;Petershagen/Eggersdorf
Albertstraße;15370;Petershagen/Eggersdorf
Johannesstraße;15370;Petershagen/Eggersdorf
Richardstraße;15370;Petershagen/Eggersdorf
Neckarstraße;15370;Petershagen/Eggersdorf
Saalestraße;15370;Petershagen/Eggersdorf
Wilhelm-Busch-Straße;15370;Petershagen/Eggersdorf
Wielandstraße;15370;Petershagen/Eggersdorf
Eggersdorfer Straße;15370;Petershagen/Eggersdorf
Mainstraße;15370;Petershagen/Eggersdorf
Schillerstraße;15370;Petershagen/Eggersdorf
Goethestraße;15370;Petershagen/Eggersdorf
Fasanenstraße;15370;Petershagen/Eggersdorf
Rückertstraße;15370;Petershagen/Eggersdorf
Uhlandstraße;15370;Petershagen/Eggersdorf
Landsberger Straße;15370;Petershagen/Eggersdorf
Grenzstraße;15370;Petershagen/Eggersdorf
Lenaustraße;15370;Petershagen/Eggersdorf
Franz-Lahde-Straße;15370;Petershagen/Eggersdorf
Hölderlinstraße;15370;Petershagen/Eggersdorf
Wildenbruchstraße;15370;Petershagen/Eggersdorf
Klopstockstraße;15370;Petershagen/Eggersdorf
Roseggerstraße;15370;Petershagen/Eggersdorf
Fredersdorfer Straße;15370;Petershagen/Eggersdorf
Körnerstraße;15370;Petershagen/Eggersdorf
Simrockstraße;15370;Petershagen/Eggersdorf
Schenkendorfstraße;15370;Petershagen/Eggersdorf
Elbestraße;15370;Petershagen/Eggersdorf
Waldfriedenstraße;15370;Petershagen/Eggersdorf
Hauffstraße;15370;Petershagen/Eggersdorf
Reuterstraße;15370;Petershagen/Eggersdorf
Kleiststraße;15370;Petershagen/Eggersdorf
Weserstraße;15370;Petershagen/Eggersdorf
Netzestraße;15370;Petershagen/Eggersdorf
Badstraße;15370;Petershagen/Eggersdorf
Oderstraße;15370;Petershagen/Eggersdorf
Havelstraße;15370;Petershagen/Eggersdorf
Lucasstraße;15370;Petershagen/Eggersdorf
Andreas-Hofer-Straße;15370;Petershagen/Eggersdorf
Karl-Münz-Straße;15370;Petershagen/Eggersdorf
Andreas-Hofer-Straße;15370;Petershagen/Eggersdorf
Spreestraße;15370;Petershagen/Eggersdorf
Dorfstraße;15370;Petershagen/Eggersdorf
Gartenstraße;15370;Petershagen/Eggersdorf
Jahnstraße;15370;Petershagen/Eggersdorf
Fichtestraße;15370;Petershagen/Eggersdorf
Fichtestraße;15370;Petershagen/Eggersdorf
Wilhelm-Tell-Straße;15370;Petershagen/Eggersdorf
Andreas-Hofer-Straße;15370;Petershagen/Eggersdorf
Am Pfuhl;15370;Petershagen/Eggersdorf
Donaustraße;15370;Petershagen/Eggersdorf
Rheinstraße;15370;Petershagen/Eggersdorf
Warthestraße;15370;Petershagen/Eggersdorf
Bahnhofstraße;15370;Petershagen/Eggersdorf
Fredersdorfer Straße;15370;Petershagen/Eggersdorf
Dorfstraße;15370;Petershagen/Eggersdorf
Rosenstraße;15370;Petershagen/Eggersdorf
Alexander-Giertz-Straße;15370;Petershagen/Eggersdorf
Eggersdorfer Straße;15370;Petershagen/Eggersdorf
Käthe-Kollwitz-Ring;15370;Petershagen/Eggersdorf
Wagnerstraße;15370;Petershagen/Eggersdorf
Clara-Zetkin-Straße;15370;Petershagen/Eggersdorf
Ebereschenstraße;15370;Petershagen/Eggersdorf
Ebereschenstraße;15370;Petershagen/Eggersdorf
Gravenhainstraße;15370;Petershagen/Eggersdorf
Triftstraße;15370;Petershagen/Eggersdorf
Teutonenstraße;15370;Petershagen/Eggersdorf
Rathausstraße;15370;Petershagen/Eggersdorf
Unionstraße;15370;Petershagen/Eggersdorf
Florastraße;15370;Petershagen/Eggersdorf
Hermann-Woyack-Straße;15370;Petershagen/Eggersdorf
Ernst-Thälmann-Straße;15370;Petershagen/Eggersdorf
Körperstraße;15370;Petershagen/Eggersdorf
Mittelstraße;15370;Petershagen/Eggersdorf
Charlottenstraße;15370;Petershagen/Eggersdorf
Wilhelm-Pieck-Straße;15370;Petershagen/Eggersdorf
Dorotheenstraße;15370;Petershagen/Eggersdorf
Brunnerstraße;15370;Petershagen/Eggersdorf
Mittelweg;15370;Petershagen/Eggersdorf
Auguststraße;15370;Petershagen/Eggersdorf
Birkenallee;15370;Petershagen/Eggersdorf
Hubertusallee;15370;Petershagen/Eggersdorf
Hubertusallee;15370;Petershagen/Eggersdorf
Waldstraße;15370;Petershagen/Eggersdorf
An der Forst;15370;Petershagen/Eggersdorf
Sonnenstraße;15370;Petershagen/Eggersdorf
Helvetiastraße;15370;Petershagen/Eggersdorf
Ahornallee;15370;Petershagen/Eggersdorf
Stienitzallee;15370;Petershagen/Eggersdorf
Paradiesstraße;15370;Petershagen/Eggersdorf
Wasserstraße;15370;Petershagen/Eggersdorf
Müllerstraße;15370;Petershagen/Eggersdorf
Wiesenstraße;15370;Petershagen/Eggersdorf
Körperstraße;15370;Petershagen/Eggersdorf
Mozartstraße;15370;Petershagen/Eggersdorf
Beethovenstraße;15370;Petershagen/Eggersdorf
Doktor-Manasse-Straße;15370;Petershagen/Eggersdorf
Gürtelstraße;15370;Petershagen/Eggersdorf
Seestraße;15370;Petershagen/Eggersdorf
Friedhofstraße;15370;Petershagen/Eggersdorf
Marienstraße;15370;Petershagen/Eggersdorf
Idastraße;15370;Petershagen/Eggersdorf
Annenstraße;15370;Petershagen/Eggersdorf
Annenstraße;15370;Petershagen/Eggersdorf
Annenstraße;15370;Petershagen/Eggersdorf
Rohrwiesenweg;15370;Petershagen/Eggersdorf
Luisenstraße;15370;Petershagen/Eggersdorf
Ilsenstraße;15370;Petershagen/Eggersdorf
Mierwerder Weg;15370;Petershagen/Eggersdorf
Gerdastraße;15370;Petershagen/Eggersdorf
Margaretenstraße;15370;Petershagen/Eggersdorf
Sophienstraße;15370;Petershagen/Eggersdorf
Goethestraße;15370;Petershagen/Eggersdorf
Körnerstraße;15370;Petershagen/Eggersdorf
Ladestraße;15370;Petershagen/Eggersdorf
Barnimstraße;15370;Petershagen/Eggersdorf
Markt;15370;Petershagen/Eggersdorf
Dorfstraße;15370;Petershagen/Eggersdorf
Kurze Straße;15370;Petershagen/Eggersdorf
Bachstraße;15370;Petershagen/Eggersdorf
Umgehungsstraße;15370;Petershagen/Eggersdorf
Neue Straße;15370;Petershagen/Eggersdorf
Altlandsberger Chaussee;15370;Petershagen/Eggersdorf
Altlandsberger Chaussee;15370;Petershagen/Eggersdorf
Hauptweg;15370;Petershagen/Eggersdorf
Strausberger Straße;15370;Petershagen/Eggersdorf
Rehwinkel;15370;Petershagen/Eggersdorf
Altlandsberger Chaussee;15370;Petershagen/Eggersdorf
Altlandsberger Chaussee;15370;Petershagen/Eggersdorf
Landhausstraße;15370;Petershagen/Eggersdorf
Uferpfad Mühlenfließ;15370;Petershagen/Eggersdorf
Herderstraße;15370;Petershagen/Eggersdorf
Oderstraße;15370;Petershagen/Eggersdorf
Käthe-Kollwitz-Ring;15370;Petershagen/Eggersdorf
Wilhelm-Abel-Weg;15370;Petershagen/Eggersdorf
Umgehungsstraße;15370;Petershagen/Eggersdorf
Umgehungsstraße;15370;Petershagen/Eggersdorf
Am Fuchsbau;15370;Petershagen/Eggersdorf
Garzauer Straße;15370;Petershagen/Eggersdorf
Triftstraße;15370;Petershagen/Eggersdorf
Heinestraße;15370;Petershagen/Eggersdorf
Hölderlinstraße;15370;Petershagen/Eggersdorf
Hölderlinstraße;15370;Petershagen/Eggersdorf
Lindenstraße;15370;Petershagen/Eggersdorf
Lindenstraße;15370;Petershagen/Eggersdorf
Lindenstraße;15370;Petershagen/Eggersdorf
Am Bahnhof;15370;Petershagen/Eggersdorf
Bruchmühler Straße;15370;Petershagen/Eggersdorf
Eggersdorfer Chaussee;15370;Petershagen/Eggersdorf
Lessingstraße;15370;Petershagen/Eggersdorf
Lessingstraße;15370;Petershagen/Eggersdorf
Eggersdorfer Straße;15370;Petershagen/Eggersdorf
Hermannstraße;15370;Petershagen/Eggersdorf
Bellevuestraße;15370;Petershagen/Eggersdorf
Wagnerstraße;15370;Petershagen/Eggersdorf
Adolfstraße;15370;Petershagen/Eggersdorf
Goethestraße;15370;Petershagen/Eggersdorf
Wilhelm-Pieck-Straße;15370;Petershagen/Eggersdorf
Tasdorfer Straße;15370;Petershagen/Eggersdorf
Dorfstraße;15370;Petershagen/Eggersdorf
Tasdorfer Straße;15370;Petershagen/Eggersdorf
Rathausstraße;15370;Petershagen/Eggersdorf
Eggersdorfer Straße;15370;Petershagen/Eggersdorf
Wilhelm-Pieck-Straße;15370;Petershagen/Eggersdorf
Eggersdorfer Straße;15370;Petershagen/Eggersdorf
Wilhelm-Pieck-Straße;15370;Petershagen/Eggersdorf
Bermannstraße;15370;Petershagen/Eggersdorf
Petershagener Chaussee;15370;Petershagen/Eggersdorf
Gravenhainstraße;15370;Petershagen/Eggersdorf
Tasdorfer Straße;15370;Petershagen/Eggersdorf
Lessingstraße;15370;Petershagen/Eggersdorf
Lessingstraße;15370;Petershagen/Eggersdorf
Eggersdorfer Straße;15370;Petershagen/Eggersdorf
Mittelstraße;15370;Petershagen/Eggersdorf
Platanenallee;15370;Petershagen/Eggersdorf
Altlandsberger Chaussee;15370;Petershagen/Eggersdorf
Strausberger Straße;15370;Petershagen/Eggersdorf
Rosa-Luxemburg-Straße;15370;Petershagen/Eggersdorf
Bahnhofstraße;15370;Petershagen/Eggersdorf
Wilhelmstraße;15370;Petershagen/Eggersdorf
Gartenstraße;15370;Petershagen/Eggersdorf
Gartenstraße;15370;Petershagen/Eggersdorf
Landhausstraße;15370;Petershagen/Eggersdorf
Landhausstraße;15370;Petershagen/Eggersdorf
Weidenweg;15370;Petershagen/Eggersdorf
Lessingstraße;15370;Petershagen/Eggersdorf
Edvard-Grieg-Weg;15370;Petershagen/Eggersdorf
Edvard-Grieg-Weg;15370;Petershagen/Eggersdorf
Markt;15370;Petershagen/Eggersdorf
Markt;15370;Petershagen/Eggersdorf
Charlottenstraße;15370;Petershagen/Eggersdorf
Charlottenstraße;15370;Petershagen/Eggersdorf
Dorfstraße;15370;Petershagen/Eggersdorf
Dorfstraße;15370;Petershagen/Eggersdorf
Wilhelm-Abel-Weg;15370;Petershagen/Eggersdorf
Rehwinkel;15370;Petershagen/Eggersdorf
Jägerstraße;15370;Petershagen/Eggersdorf
Eggersdorfer Weg;15370;Petershagen/Eggersdorf
Eggersdorfer Weg;15370;Petershagen/Eggersdorf
Umgehungsstraße;15370;Petershagen/Eggersdorf
Umgehungsstraße;15370;Petershagen/Eggersdorf
Umgehungsstraße;15370;Petershagen/Eggersdorf
Umgehungsstraße;15370;Petershagen/Eggersdorf
Steg;15370;Petershagen/Eggersdorf
Steg;15370;Petershagen/Eggersdorf
Hardenbergstraße;15370;Petershagen/Eggersdorf
Spreestraße;15370;Petershagen/Eggersdorf
Dorfstraße;15370;Petershagen/Eggersdorf
Am Schäferberg;15370;Petershagen/Eggersdorf
Wilhelm-Vogel-Weg;15370;Petershagen/Eggersdorf
Fredersdorfer Straße;15370;Fredersdorf-Vogelsdorf
Fredersdorfer Straße;15370;Fredersdorf-Vogelsdorf
Ernst-Thälmann-Straße;15370;Fredersdorf-Vogelsdorf
Platanenstraße;15370;Fredersdorf-Vogelsdorf
Akazienstraße;15370;Fredersdorf-Vogelsdorf
Taubenstraße;15370;Fredersdorf-Vogelsdorf
Richard-Jänsch-Straße;15370;Fredersdorf-Vogelsdorf
Bollensdorfer Allee;15370;Fredersdorf-Vogelsdorf
Bollensdorfer Allee;15370;Fredersdorf-Vogelsdorf
Lortzingstraße;15370;Fredersdorf-Vogelsdorf
Röntgenstraße;15370;Fredersdorf-Vogelsdorf
Martin-Luther-Straße;15370;Fredersdorf-Vogelsdorf
Gustav-Freytag-Straße;15370;Fredersdorf-Vogelsdorf
Tieckstraße;15370;Fredersdorf-Vogelsdorf
Röntgenstraße;15370;Fredersdorf-Vogelsdorf
Eichendorffstraße;15370;Fredersdorf-Vogelsdorf
Rehfelder Straße;15370;Fredersdorf-Vogelsdorf
Schöneicher Weg;15370;Fredersdorf-Vogelsdorf
Goethestraße;15370;Fredersdorf-Vogelsdorf
Arndtstraße;15370;Fredersdorf-Vogelsdorf
Schwarzer Weg;15370;Fredersdorf-Vogelsdorf
Bonsaiweg;15370;Fredersdorf-Vogelsdorf
Bonsaiweg;15370;Fredersdorf-Vogelsdorf
Schwarzer Weg;15370;Fredersdorf-Vogelsdorf
Grüner Weg;15370;Fredersdorf-Vogelsdorf
Busentscher Weg;15370;Fredersdorf-Vogelsdorf
Bruchmühler Straße;15370;Fredersdorf-Vogelsdorf
Petershagener Straße;15370;Fredersdorf-Vogelsdorf
Bahnhofstraße;15370;Fredersdorf-Vogelsdorf
Bahnhofstraße;15370;Fredersdorf-Vogelsdorf
Bahnhofstraße;15370;Fredersdorf-Vogelsdorf
Ebereschenstraße;15370;Fredersdorf-Vogelsdorf
Ulmenstraße;15370;Fredersdorf-Vogelsdorf
Verbindungsweg;15370;Fredersdorf-Vogelsdorf
Knausstraße;15370;Fredersdorf-Vogelsdorf
Böcklinstraße;15370;Fredersdorf-Vogelsdorf
Ottostraße;15370;Fredersdorf-Vogelsdorf
Dieselstraße;15370;Fredersdorf-Vogelsdorf
Wankelstraße;15370;Fredersdorf-Vogelsdorf
Posentsche Straße;15370;Fredersdorf-Vogelsdorf
Sebastian-Bach-Straße;15370;Fredersdorf-Vogelsdorf
Senefelderstraße;15370;Fredersdorf-Vogelsdorf
Waldstraße;15370;Fredersdorf-Vogelsdorf
Feldstraße;15370;Fredersdorf-Vogelsdorf
Karl-Marx-Straße;15370;Fredersdorf-Vogelsdorf
Lange Straße;15370;Fredersdorf-Vogelsdorf
Ringstraße;15370;Fredersdorf-Vogelsdorf
Ringstraße;15370;Fredersdorf-Vogelsdorf
Am Bahnhof;15370;Fredersdorf-Vogelsdorf
Fredersdorfer Straße;15370;Fredersdorf-Vogelsdorf
Spreestraße;15370;Fredersdorf-Vogelsdorf
Am Bahnhof;15370;Fredersdorf-Vogelsdorf
Altlandsberger Chaussee;15370;Fredersdorf-Vogelsdorf
Lindenallee;15370;Fredersdorf-Vogelsdorf
Petershagener Straße;15370;Fredersdorf-Vogelsdorf
Rosinstraße;15370;Fredersdorf-Vogelsdorf
Kreuerstraße;15370;Fredersdorf-Vogelsdorf
Weidenweg;15370;Fredersdorf-Vogelsdorf
Pohlstraße;15370;Fredersdorf-Vogelsdorf
Kurze Straße;15370;Fredersdorf-Vogelsdorf
Waldweg;15370;Fredersdorf-Vogelsdorf
Florastraße;15370;Fredersdorf-Vogelsdorf
Neue Straße;15370;Fredersdorf-Vogelsdorf
Neue Straße;15370;Fredersdorf-Vogelsdorf
Floraring Süd;15370;Fredersdorf-Vogelsdorf
Floraring Nord;15370;Fredersdorf-Vogelsdorf
Tulpengasse;15370;Fredersdorf-Vogelsdorf
Rosenweg;15370;Fredersdorf-Vogelsdorf
Veilcheneck;15370;Fredersdorf-Vogelsdorf
Krumme Straße;15370;Fredersdorf-Vogelsdorf
Feldstraße;15370;Fredersdorf-Vogelsdorf
Schäfergarten;15370;Fredersdorf-Vogelsdorf
Kornblumenweg;15370;Fredersdorf-Vogelsdorf
Kirchstraße;15370;Fredersdorf-Vogelsdorf
Kirchstraße;15370;Fredersdorf-Vogelsdorf
Fließstraße;15370;Fredersdorf-Vogelsdorf
Fließstraße;15370;Fredersdorf-Vogelsdorf
Richard-Wagner-Straße;15370;Fredersdorf-Vogelsdorf
Haydnstraße;15370;Fredersdorf-Vogelsdorf
Lisztstraße;15370;Fredersdorf-Vogelsdorf
Brahmsstraße;15370;Fredersdorf-Vogelsdorf
Schubertstraße;15370;Fredersdorf-Vogelsdorf
Dietrichstraße;15370;Fredersdorf-Vogelsdorf
Nibelungenring;15370;Fredersdorf-Vogelsdorf
Nibelungenring;15370;Fredersdorf-Vogelsdorf
Gunterstraße;15370;Fredersdorf-Vogelsdorf
Brunhildstraße;15370;Fredersdorf-Vogelsdorf
Giselherstraße;15370;Fredersdorf-Vogelsdorf
Siegfriedring;15370;Fredersdorf-Vogelsdorf
Weberstraße;15370;Fredersdorf-Vogelsdorf
Walter-Kollo-Straße;15370;Fredersdorf-Vogelsdorf
Weingartnerstraße;15370;Fredersdorf-Vogelsdorf
Werderstraße;15370;Fredersdorf-Vogelsdorf
Chamissostraße;15370;Fredersdorf-Vogelsdorf
Hermann-Löns-Straße;15370;Fredersdorf-Vogelsdorf
Kretzerstraße;15370;Fredersdorf-Vogelsdorf
Freiligrathstraße;15370;Fredersdorf-Vogelsdorf
Halbe Straße;15370;Fredersdorf-Vogelsdorf
Hebbelstraße;15370;Fredersdorf-Vogelsdorf
Hans-Sachs-Straße;15370;Fredersdorf-Vogelsdorf
Hosemannstraße;15370;Fredersdorf-Vogelsdorf
Martin-Luther-Straße;15370;Fredersdorf-Vogelsdorf
Martin-Luther-Straße;15370;Fredersdorf-Vogelsdorf
Gewerbeparkstraße;15370;Fredersdorf-Vogelsdorf
Erich-Mühsam-Straße;15370;Fredersdorf-Vogelsdorf
Friedrich-Ebert-Straße;15370;Fredersdorf-Vogelsdorf
Beppo-Römer-Straße;15370;Fredersdorf-Vogelsdorf
Igelweg;15370;Fredersdorf-Vogelsdorf
Heideweg;15370;Fredersdorf-Vogelsdorf
Rudolf-Breitscheid-Straße;15370;Fredersdorf-Vogelsdorf
Clara-Zetkin-Straße;15370;Fredersdorf-Vogelsdorf
Am Krummen See;15370;Fredersdorf-Vogelsdorf
Elbestraße;15370;Fredersdorf-Vogelsdorf
Heckenstraße;15370;Fredersdorf-Vogelsdorf
Inselstraße;15370;Fredersdorf-Vogelsdorf
Spreestraße;15370;Fredersdorf-Vogelsdorf
Rheinstraße;15370;Fredersdorf-Vogelsdorf
Weserstraße;15370;Fredersdorf-Vogelsdorf
Rüdersdorfer Straße;15370;Fredersdorf-Vogelsdorf
Pappelweg;15370;Fredersdorf-Vogelsdorf
Am Grassee;15370;Fredersdorf-Vogelsdorf
Am Grassee;15370;Fredersdorf-Vogelsdorf
Sanddornweg;15370;Fredersdorf-Vogelsdorf
Blumenstraße;15370;Fredersdorf-Vogelsdorf
Vogelbeerstraße;15370;Fredersdorf-Vogelsdorf
Fliederstraße;15370;Fredersdorf-Vogelsdorf
Krautstraße;15370;Fredersdorf-Vogelsdorf
Birkenstraße;15370;Fredersdorf-Vogelsdorf
Am Schlosspark;15370;Fredersdorf-Vogelsdorf
Wiesenweg;15370;Fredersdorf-Vogelsdorf
Breite Straße;15370;Fredersdorf-Vogelsdorf
Rüdersdorfer Straße;15370;Fredersdorf-Vogelsdorf
Rüdersdorfer Straße;15370;Fredersdorf-Vogelsdorf
Mainstraße;15370;Fredersdorf-Vogelsdorf
Grenzstraße;15370;Fredersdorf-Vogelsdorf
Saalestraße;15370;Fredersdorf-Vogelsdorf
Heinestraße;15370;Fredersdorf-Vogelsdorf
Dahmestraße;15370;Fredersdorf-Vogelsdorf
Fröbelstraße;15370;Fredersdorf-Vogelsdorf
Meisenweg;15370;Fredersdorf-Vogelsdorf
Spreestraße;15370;Fredersdorf-Vogelsdorf
Mittelstraße;15370;Fredersdorf-Vogelsdorf
Uhlandstraße;15370;Fredersdorf-Vogelsdorf
Thomas-Mann-Straße;15370;Fredersdorf-Vogelsdorf
Birkeneck;15370;Fredersdorf-Vogelsdorf
Oderstraße;15370;Fredersdorf-Vogelsdorf
Dahmestraße;15370;Fredersdorf-Vogelsdorf
Senitzstraße;15370;Fredersdorf-Vogelsdorf
Försterweg;15370;Fredersdorf-Vogelsdorf
Triftweg;15370;Fredersdorf-Vogelsdorf
Gärtnerstraße;15370;Fredersdorf-Vogelsdorf
Gärtnerstraße;15370;Fredersdorf-Vogelsdorf
Ahornstraße;15370;Fredersdorf-Vogelsdorf
Friedrich-Engels-Straße;15370;Fredersdorf-Vogelsdorf
Eisenbahnsiedlung;15370;Fredersdorf-Vogelsdorf
Seestraße;15370;Fredersdorf-Vogelsdorf
Gewerbegebiet Vogelsdorf Ost;15370;Fredersdorf-Vogelsdorf
Frankfurter Chaussee;15370;Fredersdorf-Vogelsdorf
Frankfurter Chaussee;15370;Fredersdorf-Vogelsdorf
Vogelsdorfer Straße;15370;Fredersdorf-Vogelsdorf
Vogelsdorfer Weg;15370;Fredersdorf-Vogelsdorf
Voigtstraße;15370;Fredersdorf-Vogelsdorf
Finkenstraße;15370;Fredersdorf-Vogelsdorf
Margarethe-Näfe-Straße;15370;Fredersdorf-Vogelsdorf
Lenbachstraße;15370;Fredersdorf-Vogelsdorf
Menzelstraße;15370;Fredersdorf-Vogelsdorf
Wilhelm-Busch-Straße;15370;Fredersdorf-Vogelsdorf
Holbeinstraße;15370;Fredersdorf-Vogelsdorf
Cranachstraße;15370;Fredersdorf-Vogelsdorf
Dürerstraße;15370;Fredersdorf-Vogelsdorf
Rembrandtstraße;15370;Fredersdorf-Vogelsdorf
Marktstraße;15370;Fredersdorf-Vogelsdorf
Kantstraße;15370;Fredersdorf-Vogelsdorf
Gutenbergstraße;15370;Fredersdorf-Vogelsdorf
Gutenbergstraße;15370;Fredersdorf-Vogelsdorf
Flotowstraße;15370;Fredersdorf-Vogelsdorf
Fichtestraße;15370;Fredersdorf-Vogelsdorf
Reuterstraße;15370;Fredersdorf-Vogelsdorf
Jahnstraße;15370;Fredersdorf-Vogelsdorf
Lessingstraße;15370;Fredersdorf-Vogelsdorf
Parkstraße;15370;Fredersdorf-Vogelsdorf
Schillerstraße;15370;Fredersdorf-Vogelsdorf
Beethovenstraße;15370;Fredersdorf-Vogelsdorf
Paul-Lincke-Straße;15370;Fredersdorf-Vogelsdorf
Mozartstraße;15370;Fredersdorf-Vogelsdorf
Mozartstraße;15370;Fredersdorf-Vogelsdorf
Anton-Saefkow-Straße;15370;Fredersdorf-Vogelsdorf
Wiesengrund;15370;Fredersdorf-Vogelsdorf
Wiesengrund;15370;Fredersdorf-Vogelsdorf
Baumschulenstraße;15370;Fredersdorf-Vogelsdorf
Verdrießstraße;15370;Fredersdorf-Vogelsdorf
Scheererstraße;15370;Fredersdorf-Vogelsdorf
Landstraße;15370;Fredersdorf-Vogelsdorf
Kreuzstraße;15370;Fredersdorf-Vogelsdorf
Straße an der Bahn;15370;Fredersdorf-Vogelsdorf
Voigtstraße;15370;Fredersdorf-Vogelsdorf
Petershagener Straße;15370;Fredersdorf-Vogelsdorf
Petershagener Straße;15370;Fredersdorf-Vogelsdorf
Östlicher Berliner Ring;15370;Fredersdorf-Vogelsdorf
Östlicher Berliner Ring;15370;Fredersdorf-Vogelsdorf
Spitzwegstraße;15370;Fredersdorf-Vogelsdorf
Grabenstraße;15370;Fredersdorf-Vogelsdorf
Lindenallee;15370;Fredersdorf-Vogelsdorf
Brückenstraße;15370;Fredersdorf-Vogelsdorf
Kirchstraße;15370;Fredersdorf-Vogelsdorf
Am Rathaus;15370;Fredersdorf-Vogelsdorf
Frankfurter Chaussee;15370;Fredersdorf-Vogelsdorf
Grünerlinder Weg;15370;Fredersdorf-Vogelsdorf
Grünerlinder Weg;15370;Fredersdorf-Vogelsdorf
Frankfurter Chaussee;15370;Fredersdorf-Vogelsdorf
Frankfurter Chaussee;15370;Fredersdorf-Vogelsdorf
Gewerbegebiet Vogelsdorf Ost;15370;Fredersdorf-Vogelsdorf
Gewerbegebiet Vogelsdorf Ost;15370;Fredersdorf-Vogelsdorf
Fließstraße;15370;Fredersdorf-Vogelsdorf
Loosestraße;15370;Fredersdorf-Vogelsdorf
Grünelinde;15370;Fredersdorf-Vogelsdorf
Sperlingsgasse;15370;Fredersdorf-Vogelsdorf
Schöneicher Allee;15370;Fredersdorf-Vogelsdorf
Schöneicher Allee;15370;Fredersdorf-Vogelsdorf
Schöneicher Allee;15370;Fredersdorf-Vogelsdorf
Sommerweg;15370;Fredersdorf-Vogelsdorf
Sommerweg;15370;Fredersdorf-Vogelsdorf
Fröbelstraße;15370;Fredersdorf-Vogelsdorf
Grünerlinder Weg;15370;Fredersdorf-Vogelsdorf
Frankfurter Chaussee;15370;Fredersdorf-Vogelsdorf
Grünerlinder Weg;15370;Fredersdorf-Vogelsdorf
Schöneicher Allee;15370;Fredersdorf-Vogelsdorf
Lilienthalstraße;15370;Fredersdorf-Vogelsdorf
Martin-Luther-Straße;15370;Fredersdorf-Vogelsdorf
Herbert-Behrens-Hangeler-Weg;15370;Fredersdorf-Vogelsdorf
Am Sportplatz;15370;Fredersdorf-Vogelsdorf
Kirschblütenweg;15370;Fredersdorf-Vogelsdorf
Am Sportplatz;15370;Fredersdorf-Vogelsdorf
An der Seestraße;15370;Fredersdorf-Vogelsdorf
Feldweg;15370;Fredersdorf-Vogelsdorf
Bruchmühler Straße;15370;Fredersdorf-Vogelsdorf
Rüdersdorfer Straße;15370;Fredersdorf-Vogelsdorf
Havelstraße;15370;Fredersdorf-Vogelsdorf
Östlicher Berliner Ring;15370;Fredersdorf-Vogelsdorf
Berliner Straße;15370;Fredersdorf-Vogelsdorf
Frankfurter Chaussee;15370;Fredersdorf-Vogelsdorf
Frankfurter Chaussee;15370;Fredersdorf-Vogelsdorf
Frankfurter Chaussee;15370;Fredersdorf-Vogelsdorf
Frankfurter Chaussee;15370;Fredersdorf-Vogelsdorf
Frankfurter Chaussee;15370;Fredersdorf-Vogelsdorf
Schöneicher Weg;15370;Fredersdorf-Vogelsdorf
Östlicher Berliner Ring;15370;Fredersdorf-Vogelsdorf
Östlicher Berliner Ring;15370;Fredersdorf-Vogelsdorf
Amselstraße;15370;Fredersdorf-Vogelsdorf
Käthe-Kollwitz-Straße;15370;Fredersdorf-Vogelsdorf
Zeppelinstraße;15370;Fredersdorf-Vogelsdorf
Zillestraße;15370;Fredersdorf-Vogelsdorf
Feuerbachstraße;15370;Fredersdorf-Vogelsdorf
Ackerstraße;15370;Fredersdorf-Vogelsdorf
Holteistraße;15370;Fredersdorf-Vogelsdorf
Bollensdorfer Allee;15370;Fredersdorf-Vogelsdorf
Erich-Mühsam-Straße;15370;Fredersdorf-Vogelsdorf
Inselstraße;15370;Fredersdorf-Vogelsdorf
Frankfurter Chaussee;15370;Fredersdorf-Vogelsdorf
Frankfurter Chaussee;15370;Fredersdorf-Vogelsdorf
Frankfurter Chaussee;15370;Fredersdorf-Vogelsdorf
Dorfstraße;15370;Fredersdorf-Vogelsdorf
Frankfurter Chaussee;15370;Fredersdorf-Vogelsdorf
Fredersdorfer Straße;15370;Fredersdorf-Vogelsdorf
Frankfurter Chaussee;15370;Fredersdorf-Vogelsdorf
Industriestraße;15370;Fredersdorf-Vogelsdorf
Östlicher Berliner Ring;15370;Fredersdorf-Vogelsdorf
Rubensstraße;15370;Fredersdorf-Vogelsdorf
Rembrandtstraße;15370;Fredersdorf-Vogelsdorf
Grabenstraße;15370;Fredersdorf-Vogelsdorf
Gutenbergstraße;15370;Fredersdorf-Vogelsdorf
Gutenbergstraße;15370;Fredersdorf-Vogelsdorf
Gutenbergstraße;15370;Fredersdorf-Vogelsdorf
Marktstraße;15370;Fredersdorf-Vogelsdorf
Bonsaiweg;15370;Fredersdorf-Vogelsdorf
Brückenstraße;15370;Fredersdorf-Vogelsdorf
Buchenstraße;15370;Fredersdorf-Vogelsdorf
Buchenstraße;15370;Fredersdorf-Vogelsdorf
Tannenweg;15370;Fredersdorf-Vogelsdorf
Fichtenweg;15370;Fredersdorf-Vogelsdorf
Kiefernweg;15370;Fredersdorf-Vogelsdorf
Am Bahnhof;15370;Fredersdorf-Vogelsdorf
Fredersdorfer Chaussee;15370;Fredersdorf-Vogelsdorf
Altlandsberger Chaussee;15370;Fredersdorf-Vogelsdorf
Schillerstraße;15370;Fredersdorf-Vogelsdorf
Lindenallee;15370;Fredersdorf-Vogelsdorf
Posentsche Straße;15370;Fredersdorf-Vogelsdorf
Goethestraße;15370;Fredersdorf-Vogelsdorf
Altlandsberger Chaussee;15370;Fredersdorf-Vogelsdorf
Ahornstraße;15370;Fredersdorf-Vogelsdorf
Schöneicher Allee;15370;Fredersdorf-Vogelsdorf
Fredersdorfer Straße;15370;Fredersdorf-Vogelsdorf
Tasdorfer Straße;15370;Fredersdorf-Vogelsdorf
Mainstraße;15370;Fredersdorf-Vogelsdorf
Seestraße;15370;Fredersdorf-Vogelsdorf
Tasdorfer Straße;15370;Fredersdorf-Vogelsdorf
Rüdersdorfer Straße;15370;Fredersdorf-Vogelsdorf
Ernst-Thälmann-Straße;15370;Fredersdorf-Vogelsdorf
Lortzingstraße;15370;Fredersdorf-Vogelsdorf
Brückenstraße;15370;Fredersdorf-Vogelsdorf
Platanenstraße;15370;Fredersdorf-Vogelsdorf
Posentsche Straße;15370;Fredersdorf-Vogelsdorf
Fredersdorfer Chaussee;15370;Fredersdorf-Vogelsdorf
Frankfurter Chaussee;15370;Fredersdorf-Vogelsdorf
Grünerlinder Weg;15370;Fredersdorf-Vogelsdorf
Gewerbegebiet Vogelsdorf Ost;15370;Fredersdorf-Vogelsdorf
Frankfurter Chaussee;15370;Fredersdorf-Vogelsdorf
Frankfurter Chaussee;15370;Fredersdorf-Vogelsdorf
Frankfurter Chaussee;15370;Fredersdorf-Vogelsdorf
Frankfurter Chaussee;15370;Fredersdorf-Vogelsdorf
Frankfurter Chaussee;15370;Fredersdorf-Vogelsdorf
Frankfurter Chaussee;15370;Fredersdorf-Vogelsdorf
Frankfurter Chaussee;15370;Fredersdorf-Vogelsdorf
Frankfurter Chaussee;15370;Fredersdorf-Vogelsdorf
Altlandsberger Straße;15370;Fredersdorf-Vogelsdorf
Heuweg;15370;Fredersdorf-Vogelsdorf
Heuweg;15370;Fredersdorf-Vogelsdorf
Östlicher Berliner Ring;15370;Fredersdorf-Vogelsdorf
Östlicher Berliner Ring;15370;Fredersdorf-Vogelsdorf
Östlicher Berliner Ring;15370;Fredersdorf-Vogelsdorf
Östlicher Berliner Ring;15370;Fredersdorf-Vogelsdorf
Östlicher Berliner Ring;15370;Fredersdorf-Vogelsdorf
Östlicher Berliner Ring;15370;Fredersdorf-Vogelsdorf
Östlicher Berliner Ring;15370;Fredersdorf-Vogelsdorf
Gartenstraße;15370;Fredersdorf-Vogelsdorf
Röntgenstraße;15370;Fredersdorf-Vogelsdorf
Eichendorffstraße;15370;Fredersdorf-Vogelsdorf
Röntgenstraße;15370;Fredersdorf-Vogelsdorf
Röntgenstraße;15370;Fredersdorf-Vogelsdorf
Röntgenstraße;15370;Fredersdorf-Vogelsdorf
Petershagener Straße;15370;Fredersdorf-Vogelsdorf
Rosinstraße;15370;Fredersdorf-Vogelsdorf
Am Friedhof;15370;Fredersdorf-Vogelsdorf
Tieckstraße;15370;Fredersdorf-Vogelsdorf
Birkenstraße;15370;Fredersdorf-Vogelsdorf
Nibelungenring;15370;Fredersdorf-Vogelsdorf
Dorfstraße;15370;Fredersdorf-Vogelsdorf
Vogelsdorfer Weg;15370;Fredersdorf-Vogelsdorf
Adolf-Hoffmann-Straße;15370;Fredersdorf-Vogelsdorf
Berliner Straße;15370;Fredersdorf-Vogelsdorf
Dorfstraße;15370;Fredersdorf-Vogelsdorf
Dorfstraße;15370;Fredersdorf-Vogelsdorf
Frankfurter Chaussee;15370;Fredersdorf-Vogelsdorf
Frankfurter Chaussee;15370;Fredersdorf-Vogelsdorf
Frankfurter Chaussee;15370;Fredersdorf-Vogelsdorf
Frankfurter Chaussee;15370;Fredersdorf-Vogelsdorf
Frankfurter Chaussee;15370;Fredersdorf-Vogelsdorf
Frankfurter Chaussee;15370;Fredersdorf-Vogelsdorf
Birkenstraße;15370;Fredersdorf-Vogelsdorf
Am Krummen See;15370;Fredersdorf-Vogelsdorf
Breite Straße;15370;Fredersdorf-Vogelsdorf
Ernst-Thälmann-Straße;15370;Fredersdorf-Vogelsdorf
Ernst-Thälmann-Straße;15370;Fredersdorf-Vogelsdorf
Ernst-Thälmann-Straße;15370;Fredersdorf-Vogelsdorf
Fredersdorfer Straße;15370;Fredersdorf-Vogelsdorf
Karl-Liebknecht-Straße;15370;Fredersdorf-Vogelsdorf
Petershagener Straße;15370;Fredersdorf-Vogelsdorf
Spreestraße;15370;Fredersdorf-Vogelsdorf
Altlandsberger Weg;15370;Fredersdorf-Vogelsdorf
Weberstraße;15370;Fredersdorf-Vogelsdorf
Wiesenweg;15370;Fredersdorf-Vogelsdorf
Frankfurter Chaussee;15370;Fredersdorf-Vogelsdorf
Schöneicher Allee;15370;Fredersdorf-Vogelsdorf
Frankfurter Chaussee;15370;Fredersdorf-Vogelsdorf
Frankfurter Chaussee;15370;Fredersdorf-Vogelsdorf
Frankfurter Chaussee;15370;Fredersdorf-Vogelsdorf
Frankfurter Chaussee;15370;Fredersdorf-Vogelsdorf
Frankfurter Chaussee;15370;Fredersdorf-Vogelsdorf
Frankfurter Chaussee;15370;Fredersdorf-Vogelsdorf
Frankfurter Chaussee;15370;Fredersdorf-Vogelsdorf
Frankfurter Chaussee;15370;Fredersdorf-Vogelsdorf
Frankfurter Chaussee;15370;Fredersdorf-Vogelsdorf
Frankfurter Chaussee;15370;Fredersdorf-Vogelsdorf
Fredersdorfer Chaussee;15370;Fredersdorf-Vogelsdorf
Fredersdorfer Chaussee;15370;Fredersdorf-Vogelsdorf
Rembrandtstraße;15370;Fredersdorf-Vogelsdorf
Altlandsberger Weg;15370;Fredersdorf-Vogelsdorf
Östlicher Berliner Ring;15370;Fredersdorf-Vogelsdorf
Frankfurter Chaussee;15370;Fredersdorf-Vogelsdorf
Frankfurter Chaussee;15370;Fredersdorf-Vogelsdorf
Frankfurter Chaussee;15370;Fredersdorf-Vogelsdorf
Senitzstraße;15370;Fredersdorf-Vogelsdorf
Martin-Luther-Straße;15370;Fredersdorf-Vogelsdorf
Bettina-von-Arnim-Straße;15370;Fredersdorf-Vogelsdorf
Ringstraße;15370;Fredersdorf-Vogelsdorf
Frankfurter Chaussee;15370;Fredersdorf-Vogelsdorf
Altlandsberger Chaussee;15370;Fredersdorf-Vogelsdorf
Altlandsberger Chaussee;15370;Fredersdorf-Vogelsdorf
Spreestraße;15370;Fredersdorf-Vogelsdorf
Spreestraße;15370;Fredersdorf-Vogelsdorf
Spreestraße;15370;Fredersdorf-Vogelsdorf
Spreestraße;15370;Fredersdorf-Vogelsdorf
Spreestraße;15370;Fredersdorf-Vogelsdorf
Spreestraße;15370;Fredersdorf-Vogelsdorf
Spreestraße;15370;Fredersdorf-Vogelsdorf
Marktstraße;15370;Fredersdorf-Vogelsdorf
Feldweg;15370;Fredersdorf-Vogelsdorf
Buchenstraße;15370;Fredersdorf-Vogelsdorf
Bonsaiweg;15370;Fredersdorf-Vogelsdorf
Ahornstraße;15370;Fredersdorf-Vogelsdorf
Tieckstraße;15370;Fredersdorf-Vogelsdorf
Tieckstraße;15370;Fredersdorf-Vogelsdorf
Petershagener Straße;15370;Fredersdorf-Vogelsdorf
Lerchenstraße;15370;Fredersdorf-Vogelsdorf
Altlandsberger Chaussee;15370;Fredersdorf-Vogelsdorf
Altlandsberger Chaussee;15370;Fredersdorf-Vogelsdorf
Altlandsberger Chaussee;15370;Fredersdorf-Vogelsdorf
Altlandsberger Chaussee;15370;Fredersdorf-Vogelsdorf
Altlandsberger Chaussee;15370;Fredersdorf-Vogelsdorf
Altlandsberger Chaussee;15370;Fredersdorf-Vogelsdorf
Altlandsberger Chaussee;15370;Fredersdorf-Vogelsdorf
Lindenallee;15370;Fredersdorf-Vogelsdorf
